feature,coefficient
categorical__purpose_small_business,0.5876602424157039
numeric__installment,0.2509964902907519
numeric__inq.last.6mths,0.24733911692916102
categorical__purpose_home_improvement,0.16430206804229427
categorical__purpose_educational,0.14390797460124444
numeric__revol.bal,0.12710604040619497
numeric__int.rate,0.08553191519018846
numeric__revol.util,0.08113597664937756
numeric__pub.rec,0.06886707894767528
numeric__days.with.cr.line,0.0429234099116336
categorical__purpose_all_other,0.03851066327005114
numeric__dti,-0.029853714197820184
numeric__delinq.2yrs,-0.04265600877762473
numeric__credit.policy,-0.10843330683262177
categorical__purpose_debt_consolidation,-0.2563345322608596
categorical__purpose_major_purchase,-0.27801855053178015
numeric__log.annual.inc,-0.29590893657063255
numeric__fico,-0.3276723267068614
categorical__purpose_credit_card,-0.44287791435874047
